Chile|JumboSKU-determinar|Pancho Villa|Panchitos Chips Pancho Villa, bolsa 3...|1 un
Chile|JumboSKU-determinar|Pancho Villa|Panchitos Chips Pancho Villa, bolsa 3...|1 un
Chile|JumboSKU-determinar|Pancho Villa|Panchitos Chips Pancho Villa, bolsa 3...|1 un
Chile|JumboSKU-determinar|Pancho Villa|Panchitos Chips Pancho Villa, bolsa 3...|1 un
Chile|JumboSKU-determinar|Pancho Villa|Panchitos Chips Pancho Villa, bolsa 3...|1 un
Chile|JumboSKU-determinar|Pancho Villa|Panchitos Chips Pancho Villa, bolsa 3...|1 un
Chile|JumboSKU-determinar|Pancho Villa|Panchitos Chips Pancho Villa, bolsa 3...|1 un
Chile|JumboSKU-determinar|Pancho Villa|Panchitos Chips Pancho Villa, bolsa 3...|1 un
Chile|JumboSKU-determinar|Pancho Villa|Panchitos Chips Pancho Villa, bolsa 3...|1 un
Chile|JumboSKU-determinar|Pancho Villa|Panchitos Chips Pancho Villa, bolsa 3...|1 un
Chile|JumboSKU-determinar|Pancho Villa|Panchitos Chips Pancho Villa, bolsa 3...|1 un
Chile|JumboSKU-determinar|Pancho Villa|Panchitos Chips Pancho Villa, bolsa 3...|1 un
Chile|JumboSKU-determinar|Pancho Villa|Panchitos Chips Pancho Villa, bolsa 3...|1 un
Chile|JumboSKU-determinar|Pancho Villa|Panchitos Chips Pancho Villa, bolsa 3...|1 un
Chile|JumboSKU-determinar|Pancho Villa|Panchitos Chips Pancho Villa, bolsa 3...|1 un
Chile|JumboSKU-determinar|Pancho Villa|Panchitos Chips Pancho Villa, bolsa 3...|1 un
Chile|JumboSKU-determinar|Pancho Villa|Panchitos Chips Pancho Villa, bolsa 3...|1 un
Chile|JumboSKU-determinar|Pancho Villa|Panchitos Chips Pancho Villa, bolsa 3...|1 un
Chile|JumboSKU-determinar|Pancho Villa|Panchitos Chips Pancho Villa, bolsa 3...|1 un
Chile|JumboSKU-determinar|Pancho Villa|Panchitos Chips Pancho Villa, bolsa 3...|1 un
Chile|JumboSKU-determinar|Pancho Villa|Panchitos Chips Pancho Villa, bolsa 3...|1 un
Chile|JumboSKU-determinar|Pancho Villa|Panchitos Chips Pancho Villa, bolsa 3...|1 un
Chile|JumboSKU-determinar|Pancho Villa|Panchitos Chips Pancho Villa, bolsa 3...|1 un
Chile|JumboSKU-determinar|Pancho Villa|Panchitos Chips Pancho Villa, bolsa 3...|1 un
Chile|JumboSKU-determinar|Tika|Chips naturales Tika patagonia 212 g|1 un
Chile|JumboSKU-determinar|Tika|Chips naturales Tika patagonia 212 g|1 un
Chile|JumboSKU-determinar|Tika|Chips naturales Tika patagonia 212 g|1 un
Chile|JumboSKU-determinar|Tika|Chips naturales Tika patagonia 212 g|1 un
Chile|JumboSKU-determinar|Tika|Chips naturales Tika patagonia 212 g|1 un
Chile|JumboSKU-determinar|Tika|Chips naturales Tika patagonia 212 g|1 un
Chile|JumboSKU-determinar|Tika|Chips naturales Tika patagonia 212 g|1 un
Chile|JumboSKU-determinar|Tika|Chips naturales Tika patagonia 212 g|1 un
Chile|JumboSKU-determinar|Tika|Chips naturales Tika patagonia 212 g|1 un
Chile|JumboSKU-determinar|Tika|Chips naturales Tika patagonia 212 g|1 un
Chile|JumboSKU-determinar|Tika|Chips naturales Tika patagonia 212 g|1 un
Chile|JumboSKU-determinar|Tika|Chips naturales Tika patagonia 212 g|1 un
Chile|JumboSKU-determinar|Tika|Chips naturales Tika patagonia 212 g|1 un
Chile|JumboSKU-determinar|Tika|Chips naturales Tika patagonia 212 g|1 un
Chile|JumboSKU-determinar|Tika|Chips naturales Tika patagonia 212 g|1 un
Chile|JumboSKU-determinar|Tika|Chips naturales Tika patagonia 212 g|1 un
Chile|JumboSKU-determinar|Tika|Chips naturales Tika patagonia 212 g|1 un
Chile|JumboSKU-determinar|Tika|Chips naturales Tika patagonia 212 g|1 un
Chile|JumboSKU-determinar|Tika|Chips naturales Tika patagonia 212 g|1 un
Chile|JumboSKU-determinar|Tika|Chips naturales Tika patagonia 212 g|1 un
Chile|JumboSKU-determinar|Tika|Chips naturales Tika patagonia 212 g|1 un
Chile|JumboSKU-determinar|Tika|Chips naturales Tika patagonia 212 g|1 un
Chile|JumboSKU-determinar|Tika|Chips naturales Tika patagonia 212 g|1 un
Chile|JumboSKU-determinar|Tika|Chips naturales Tika patagonia 212 g|1 un
Chile|JumboSKU-determinar|Tika|Chips naturales Tika patagonia 212 g|1 un
Chile|JumboSKU-determinar|Tika|Chips naturales Tika patagonia 212 g|1 un
Chile|JumboSKU-determinar|Tika|Chips naturales Tika patagonia 212 g|1 un
Chile|JumboSKU-determinar|Tika|Chips naturales Tika patagonia 212 g|1 un
Chile|JumboSKU-determinar|Tika|Chips naturales Tika patagonia 212 g|1 un
Chile|JumboSKU-determinar|Tika|Chips naturales Tika patagonia 212 g|1 un
Chile|JumboSKU-determinar|Tika|Chips naturales Tika patagonia 212 g|1 un
Chile|JumboSKU-determinar|Tika|Chips naturales Tika patagonia 212 g|1 un
Chile|JumboSKU-determinar|Tika|Chips naturales Tika patagonia 212 g|1 un
Chile|JumboSKU-determinar|Tika|Chips naturales Tika patagonia 212 g|1 un
Chile|JumboSKU-determinar|Tika|Chips naturales Tika patagonia 212 g|1 un
Chile|JumboSKU-determinar|Tika|Chips naturales Tika patagonia 212 g|1 un
Chile|JumboSKU-determinar|Tika|Chips naturales Tika patagonia 212 g|1 un
Chile|JumboSKU-determinar|Tika|Chips naturales Tika patagonia 212 g|1 un
Chile|JumboSKU-determinar|Tika|Chips naturales Tika patagonia 212 g|1 un
Chile|JumboSKU-determinar|Tika|Chips naturales Tika patagonia 212 g|1 un
Chile|JumboSKU-determinar|Tika|Chips naturales Tika patagonia 212 g|1 un
Chile|JumboSKU-determinar|Tika|Chips naturales Tika patagonia 212 g|1 un
Chile|JumboSKU-determinar|Tika|Chips naturales Tika patagonia 212 g|1 un
Chile|JumboSKU-determinar|Tika|Chips naturales Tika patagonia 212 g|1 un
Chile|JumboSKU-determinar|Tika|Chips naturales Tika patagonia 212 g|1 un
Chile|JumboSKU-determinar|Tika|Chips naturales Tika patagonia 212 g|1 un
Chile|JumboSKU-determinar|Tika|Chips naturales Tika patagonia 212 g|1 un
Chile|JumboSKU-determinar|Tika|Chips naturales Tika patagonia 212 g|1 un
Chile|JumboSKU-determinar|Tika|Chips naturales Tika patagonia 212 g|1 un
Chile|JumboSKU-determinar|Tika|Chips naturales Tika patagonia 212 g|1 un
Chile|JumboSKU-determinar|Tika|Chips naturales Tika patagonia 212 g|1 un
Chile|JumboSKU-determinar|Tika|Chips naturales Tika patagonia 212 g|1 un
Chile|JumboSKU-determinar|Tika|Chips naturales Tika patagonia 212 g|1 un
Chile|JumboSKU-determinar|Specht|Pepinillos Specht Frasco 850 g|1 un
Chile|JumboSKU-determinar|Specht|Pepinillos Specht Frasco 850 g|1 un
Chile|JumboSKU-determinar|Specht|Pepinillos Specht Frasco 850 g|1 un
Chile|JumboSKU-determinar|Specht|Pepinillos Specht Frasco 850 g|1 un
Chile|JumboSKU-determinar|Specht|Pepinillos Specht Frasco 850 g|1 un
Chile|JumboSKU-determinar|Specht|Pepinillos Specht Frasco 850 g|1 un
Chile|JumboSKU-determinar|Specht|Pepinillos Specht Frasco 850 g|1 un
Chile|JumboSKU-determinar|Specht|Pepinillos Specht Frasco 850 g|1 un
Chile|JumboSKU-determinar|Specht|Pepinillos Specht Frasco 850 g|1 un
Chile|JumboSKU-determinar|Specht|Pepinillos Specht Frasco 850 g|1 un
Chile|JumboSKU-determinar|Specht|Pepinillos Specht Frasco 850 g|1 un
Chile|JumboSKU-determinar|Specht|Pepinillos Specht Frasco 850 g|1 un
Chile|JumboSKU-determinar|Specht|Pepinillos Specht Frasco 850 g|1 un
Chile|JumboSKU-determinar|Specht|Pepinillos Specht Frasco 850 g|1 un
Chile|JumboSKU-determinar|Specht|Pepinillos Specht Frasco 850 g|1 un
Chile|JumboSKU-determinar|Specht|Pepinillos Specht Frasco 850 g|1 un
Chile|JumboSKU-determinar|Specht|Pepinillos Specht Frasco 850 g|1 un
Chile|JumboSKU-determinar|Specht|Pepinillos Specht Frasco 850 g|1 un
Chile|JumboSKU-determinar|Specht|Pepinillos Specht Frasco 850 g|1 un
Chile|JumboSKU-determinar|Specht|Pepinillos Specht Frasco 850 g|1 un
Chile|JumboSKU-determinar|Specht|Pepinillos Specht Frasco 850 g|1 un
Chile|JumboSKU-determinar|Specht|Pepinillos Specht Frasco 850 g|1 un
Chile|JumboSKU-determinar|Specht|Pepinillos Specht Frasco 850 g|1 un
Chile|JumboSKU-determinar|Specht|Pepinillos Specht Frasco 850 g|1 un
Chile|JumboSKU-determinar|Specht|Pepinillos Specht Frasco 850 g|1 un
Chile|JumboSKU-determinar|Specht|Pepinillos Specht Frasco 850 g|1 un
Chile|JumboSKU-determinar|Specht|Pepinillos Specht Frasco 850 g|1 un
Chile|JumboSKU-determinar|Specht|Pepinillos Specht Frasco 850 g|1 un
Chile|JumboSKU-determinar|Specht|Pepinillos Specht Frasco 850 g|1 un
Chile|JumboSKU-determinar|Specht|Pepinillos Specht Frasco 850 g|1 un
Chile|JumboSKU-determinar|Specht|Pepinillos Specht Frasco 850 g|1 un
Chile|JumboSKU-determinar|Specht|Pepinillos Specht Frasco 850 g|1 un
Chile|JumboSKU-determinar|Specht|Pepinillos Specht Frasco 850 g|1 un
Chile|JumboSKU-determinar|Specht|Pepinillos Specht Frasco 850 g|1 un
Chile|JumboSKU-determinar|Specht|Pepinillos Specht Frasco 850 g|1 un
Chile|JumboSKU-determinar|Specht|Pepinillos Specht Frasco 850 g|1 un
Chile|JumboSKU-determinar|Specht|Pepinillos Specht Frasco 850 g|1 un
Chile|JumboSKU-determinar|Specht|Pepinillos Specht Frasco 850 g|1 un
Chile|JumboSKU-determinar|Specht|Pepinillos Specht Frasco 850 g|1 un
Chile|JumboSKU-determinar|Specht|Pepinillos Specht Frasco 850 g|1 un
Chile|JumboSKU-determinar|Specht|Pepinillos Specht Frasco 850 g|1 un
Chile|JumboSKU-determinar|Specht|Pepinillos Specht Frasco 850 g|1 un
Chile|JumboSKU-determinar|Specht|Pepinillos Specht Frasco 850 g|1 un
Chile|JumboSKU-determinar|Specht|Pepinillos Specht Frasco 850 g|1 un
Chile|JumboSKU-determinar|Specht|Pepinillos Specht Frasco 850 g|1 un
Chile|JumboSKU-determinar|Specht|Pepinillos Specht Frasco 850 g|1 un
Chile|JumboSKU-determinar|Specht|Pepinillos Specht Frasco 850 g|1 un
Chile|JumboSKU-determinar|Specht|Pepinillos Specht Frasco 850 g|1 un
Chile|JumboSKU-determinar|Specht|Pepinillos Specht Frasco 850 g|1 un
Chile|JumboSKU-determinar|Specht|Pepinillos Specht Frasco 850 g|1 un
Chile|JumboSKU-determinar|Specht|Pepinillos Specht Frasco 850 g|1 un
Chile|JumboSKU-determinar|Specht|Pepinillos Specht Frasco 850 g|1 un
Chile|JumboSKU-determinar|Specht|Pepinillos Specht Frasco 850 g|1 un
Chile|JumboSKU-determinar|Mckay|Galleta Mckay Grill clásica mini 35 g|1 un
Chile|JumboSKU-determinar|Mckay|Galleta Mckay Grill clásica mini 35 g|1 un
Chile|JumboSKU-determinar|Mckay|Galleta Mckay Grill clásica mini 35 g|1 un
Chile|JumboSKU-determinar|Mckay|Galleta Mckay Grill clásica mini 35 g|1 un
Chile|JumboSKU-determinar|Mckay|Galleta Mckay Grill clásica mini 35 g|1 un
Chile|JumboSKU-determinar|Mckay|Galleta Mckay Grill clásica mini 35 g|1 un
Chile|JumboSKU-determinar|Mckay|Galleta Mckay Grill clásica mini 35 g|1 un
Chile|JumboSKU-determinar|Mckay|Galleta Mckay Grill clásica mini 35 g|1 un
Chile|JumboSKU-determinar|Mckay|Galleta Mckay Grill clásica mini 35 g|1 un
Chile|JumboSKU-determinar|Mckay|Galleta Mckay Grill clásica mini 35 g|1 un
Chile|JumboSKU-determinar|Mckay|Galleta Mckay Grill clásica mini 35 g|1 un
Chile|JumboSKU-determinar|Mckay|Galleta Mckay Grill clásica mini 35 g|1 un
Chile|JumboSKU-determinar|Mckay|Galleta Mckay Grill clásica mini 35 g|1 un
Chile|JumboSKU-determinar|Mckay|Galleta Mckay Grill clásica mini 35 g|1 un
Chile|JumboSKU-determinar|Mckay|Galleta Mckay Grill clásica mini 35 g|1 un
Chile|JumboSKU-determinar|Mckay|Galleta Mckay Grill clásica mini 35 g|1 un
Chile|JumboSKU-determinar|Mckay|Galleta Mckay Grill clásica mini 35 g|1 un
Chile|JumboSKU-determinar|Mckay|Galleta Mckay Grill clásica mini 35 g|1 un
Chile|JumboSKU-determinar|Mckay|Galleta Mckay Grill clásica mini 35 g|1 un
Chile|JumboSKU-determinar|Mckay|Galleta Mckay Grill clásica mini 35 g|1 un
Chile|JumboSKU-determinar|Mckay|Galleta Mckay Grill clásica mini 35 g|1 un
Chile|JumboSKU-determinar|Mckay|Galleta Mckay Grill clásica mini 35 g|1 un
Chile|JumboSKU-determinar|Mckay|Galleta Mckay Grill clásica mini 35 g|1 un
Chile|JumboSKU-determinar|Mckay|Galleta Mckay Grill clásica mini 35 g|1 un
Chile|JumboSKU-determinar|Mckay|Galleta Mckay Grill clásica mini 35 g|1 un
Chile|JumboSKU-determinar|Mckay|Galleta Mckay Grill clásica mini 35 g|1 un
Chile|JumboSKU-determinar|Mckay|Galleta Mckay Grill clásica mini 35 g|1 un
Chile|JumboSKU-determinar|Mckay|Galleta Mckay Grill clásica mini 35 g|1 un
Chile|JumboSKU-determinar|Mckay|Galleta Mckay Grill clásica mini 35 g|1 un
Chile|JumboSKU-determinar|Mckay|Galleta Mckay Grill clásica mini 35 g|1 un
Chile|JumboSKU-determinar|Mckay|Galleta Mckay Grill clásica mini 35 g|1 un
Chile|JumboSKU-determinar|Mckay|Galleta Mckay Grill clásica mini 35 g|1 un
Chile|JumboSKU-determinar|Mckay|Galleta Mckay Grill clásica mini 35 g|1 un
Chile|JumboSKU-determinar|Mckay|Galleta Mckay Grill clásica mini 35 g|1 un
Chile|JumboSKU-determinar|Mckay|Galleta Mckay Grill clásica mini 35 g|1 un
Chile|JumboSKU-determinar|Mckay|Galleta Mckay Grill clásica mini 35 g|1 un
Chile|JumboSKU-determinar|Mckay|Galleta Mckay Grill clásica mini 35 g|1 un
Chile|JumboSKU-determinar|Mckay|Galleta Mckay Grill clásica mini 35 g|1 un
Chile|JumboSKU-determinar|Mckay|Galleta Mckay Grill clásica mini 35 g|1 un
Chile|JumboSKU-determinar|Mckay|Galleta Mckay Grill clásica mini 35 g|1 un
Chile|JumboSKU-determinar|Mckay|Galleta Mckay Grill clásica mini 35 g|1 un
Chile|JumboSKU-determinar|Mckay|Galleta Mckay Grill clásica mini 35 g|1 un
Chile|JumboSKU-determinar|Mckay|Galleta Mckay Grill clásica mini 35 g|1 un
Chile|JumboSKU-determinar|Mckay|Galleta Mckay Grill clásica mini 35 g|1 un
Chile|JumboSKU-determinar|Mckay|Galleta Mckay Grill clásica mini 35 g|1 un
Chile|JumboSKU-determinar|Mckay|Galleta Mckay Grill clásica mini 35 g|1 un
Chile|JumboSKU-determinar|Mckay|Galleta Mckay Grill clásica mini 35 g|1 un
Chile|JumboSKU-determinar|Mckay|Galleta Mckay Grill clásica mini 35 g|1 un
Chile|JumboSKU-determinar|Mckay|Galleta Mckay Grill clásica mini 35 g|1 un
Chile|JumboSKU-determinar|Mckay|Galleta Mckay Grill clásica mini 35 g|1 un
Chile|JumboSKU-determinar|Mckay|Galleta Mckay Grill clásica mini 35 g|1 un
Chile|JumboSKU-determinar|Mckay|Galleta Mckay Grill clásica mini 35 g|1 un
Chile|JumboSKU-determinar|Mckay|Galleta Mckay Grill clásica mini 35 g|1 un
Chile|JumboSKU-determinar|Pancho Villa|Panchitos Chips Pancho Villa, bolsa 3...|1 un
Chile|JumboSKU-determinar|Pancho Villa|Panchitos Chips Pancho Villa, bolsa 3...|1 un
Chile|JumboSKU-determinar|Pancho Villa|Panchitos Chips Pancho Villa, bolsa 3...|1 un
Chile|JumboSKU-determinar|Pancho Villa|Panchitos Chips Pancho Villa, bolsa 3...|1 un
Chile|JumboSKU-determinar|Pancho Villa|Panchitos Chips Pancho Villa, bolsa 3...|1 un
Chile|JumboSKU-determinar|Pancho Villa|Panchitos Chips Pancho Villa, bolsa 3...|1 un
Chile|JumboSKU-determinar|Pancho Villa|Panchitos Chips Pancho Villa, bolsa 3...|1 un
Chile|JumboSKU-determinar|Pancho Villa|Panchitos Chips Pancho Villa, bolsa 3...|1 un
Chile|JumboSKU-determinar|Pancho Villa|Panchitos Chips Pancho Villa, bolsa 3...|1 un
Chile|JumboSKU-determinar|Pancho Villa|Panchitos Chips Pancho Villa, bolsa 3...|1 un
Chile|JumboSKU-determinar|Pancho Villa|Panchitos Chips Pancho Villa, bolsa 3...|1 un
Chile|JumboSKU-determinar|Pancho Villa|Panchitos Chips Pancho Villa, bolsa 3...|1 un
Chile|JumboSKU-determinar|Pancho Villa|Panchitos Chips Pancho Villa, bolsa 3...|1 un
Chile|JumboSKU-determinar|Pancho Villa|Panchitos Chips Pancho Villa, bolsa 3...|1 un
Chile|JumboSKU-determinar|Pancho Villa|Panchitos Chips Pancho Villa, bolsa 3...|1 un
Chile|JumboSKU-determinar|Pancho Villa|Panchitos Chips Pancho Villa, bolsa 3...|1 un
Chile|JumboSKU-determinar|Pancho Villa|Panchitos Chips Pancho Villa, bolsa 3...|1 un
Chile|JumboSKU-determinar|Pancho Villa|Panchitos Chips Pancho Villa, bolsa 3...|1 un
Chile|JumboSKU-determinar|Pancho Villa|Panchitos Chips Pancho Villa, bolsa 3...|1 un
Chile|JumboSKU-determinar|Pancho Villa|Panchitos Chips Pancho Villa, bolsa 3...|1 un
Chile|JumboSKU-determinar|Pancho Villa|Panchitos Chips Pancho Villa, bolsa 3...|1 un
Chile|JumboSKU-determinar|Pancho Villa|Panchitos Chips Pancho Villa, bolsa 3...|1 un
Chile|JumboSKU-determinar|Pancho Villa|Panchitos Chips Pancho Villa, bolsa 3...|1 un
Chile|JumboSKU-determinar|Pancho Villa|Panchitos Chips Pancho Villa, bolsa 3...|1 un
Chile|JumboSKU-determinar|Pancho Villa|Panchitos Chips Pancho Villa, bolsa 3...|1 un
Chile|JumboSKU-determinar|Pancho Villa|Panchitos Chips Pancho Villa, bolsa 3...|1 un
Chile|JumboSKU-determinar|Pancho Villa|Panchitos Chips Pancho Villa, bolsa 3...|1 un
Chile|JumboSKU-determinar|Pancho Villa|Panchitos Chips Pancho Villa, bolsa 3...|1 un
Chile|JumboSKU-determinar|Pancho Villa|Panchitos Chips Pancho Villa, bolsa 3...|1 un
Chile|JumboSKU-determinar|Pancho Villa|Panchitos Chips Pancho Villa, bolsa 3...|1 un
Chile|JumboSKU-determinar|Pancho Villa|Panchitos Chips Pancho Villa, bolsa 3...|1 un
Chile|JumboSKU-determinar|Pancho Villa|Panchitos Chips Pancho Villa, bolsa 3...|1 un
Chile|JumboSKU-determinar|Pancho Villa|Panchitos Chips Pancho Villa, bolsa 3...|1 un
Chile|JumboSKU-determinar|Pancho Villa|Panchitos Chips Pancho Villa, bolsa 3...|1 un
Chile|JumboSKU-determinar|Pancho Villa|Panchitos Chips Pancho Villa, bolsa 3...|1 un
Chile|JumboSKU-determinar|Pancho Villa|Panchitos Chips Pancho Villa, bolsa 3...|1 un
Chile|JumboSKU-determinar|Pancho Villa|Panchitos Chips Pancho Villa, bolsa 3...|1 un
Chile|JumboSKU-determinar|Pancho Villa|Panchitos Chips Pancho Villa, bolsa 3...|1 un
Chile|JumboSKU-determinar|Pancho Villa|Panchitos Chips Pancho Villa, bolsa 3...|1 un
Chile|JumboSKU-determinar|Pancho Villa|Panchitos Chips Pancho Villa, bolsa 3...|1 un
Chile|JumboSKU-determinar|Pancho Villa|Panchitos Chips Pancho Villa, bolsa 3...|1 un
Chile|JumboSKU-determinar|Pancho Villa|Panchitos Chips Pancho Villa, bolsa 3...|1 un
Chile|JumboSKU-determinar|Pancho Villa|Panchitos Chips Pancho Villa, bolsa 3...|1 un
Chile|JumboSKU-determinar|Pancho Villa|Panchitos Chips Pancho Villa, bolsa 3...|1 un
Chile|JumboSKU-determinar|Pancho Villa|Panchitos Chips Pancho Villa, bolsa 3...|1 un
Chile|JumboSKU-determinar|Pancho Villa|Panchitos Chips Pancho Villa, bolsa 3...|1 un
Chile|JumboSKU-determinar|Pancho Villa|Panchitos Chips Pancho Villa, bolsa 3...|1 un
Chile|JumboSKU-determinar|Pancho Villa|Panchitos Chips Pancho Villa, bolsa 3...|1 un
Chile|JumboSKU-determinar|Pancho Villa|Panchitos Chips Pancho Villa, bolsa 3...|1 un
Chile|JumboSKU-determinar|Pancho Villa|Panchitos Chips Pancho Villa, bolsa 3...|1 un
Chile|JumboSKU-determinar|Pancho Villa|Panchitos Chips Pancho Villa, bolsa 3...|1 un
Chile|JumboSKU-determinar|Pancho Villa|Panchitos Chips Pancho Villa, bolsa 3...|1 un
Chile|JumboSKU-determinar|Pancho Villa|Panchitos Chips Pancho Villa, bolsa 3...|1 un
Chile|JumboSKU-determinar|Marco Polo|Papas rústicas sal rosada y pimienta ...|1 un
Chile|JumboSKU-determinar|Marco Polo|Papas rústicas sal rosada y pimienta ...|1 un
Chile|JumboSKU-determinar|Marco Polo|Papas rústicas sal rosada y pimienta ...|1 un
Chile|JumboSKU-determinar|Marco Polo|Papas rústicas sal rosada y pimienta ...|1 un
Chile|JumboSKU-determinar|Marco Polo|Papas rústicas sal rosada y pimienta ...|1 un
Chile|JumboSKU-determinar|Marco Polo|Papas rústicas sal rosada y pimienta ...|1 un
Chile|JumboSKU-determinar|Marco Polo|Papas rústicas sal rosada y pimienta ...|1 un
Chile|JumboSKU-determinar|Marco Polo|Papas rústicas sal rosada y pimienta ...|1 un
Chile|JumboSKU-determinar|Marco Polo|Papas rústicas sal rosada y pimienta ...|1 un
Chile|JumboSKU-determinar|Marco Polo|Papas rústicas sal rosada y pimienta ...|1 un
Chile|JumboSKU-determinar|Marco Polo|Papas rústicas sal rosada y pimienta ...|1 un
Chile|JumboSKU-determinar|Marco Polo|Papas rústicas sal rosada y pimienta ...|1 un
Chile|JumboSKU-determinar|Marco Polo|Papas rústicas sal rosada y pimienta ...|1 un
Chile|JumboSKU-determinar|Marco Polo|Papas rústicas sal rosada y pimienta ...|1 un
Chile|JumboSKU-determinar|Marco Polo|Papas rústicas sal rosada y pimienta ...|1 un
Chile|JumboSKU-determinar|Marco Polo|Papas rústicas sal rosada y pimienta ...|1 un
Chile|JumboSKU-determinar|Marco Polo|Papas rústicas sal rosada y pimienta ...|1 un
Chile|JumboSKU-determinar|Marco Polo|Papas rústicas sal rosada y pimienta ...|1 un
Chile|JumboSKU-determinar|Marco Polo|Papas rústicas sal rosada y pimienta ...|1 un
Chile|JumboSKU-determinar|Marco Polo|Papas rústicas sal rosada y pimienta ...|1 un
Chile|JumboSKU-determinar|Marco Polo|Papas rústicas sal rosada y pimienta ...|1 un
Chile|JumboSKU-determinar|Marco Polo|Papas rústicas sal rosada y pimienta ...|1 un
Chile|JumboSKU-determinar|Marco Polo|Papas rústicas sal rosada y pimienta ...|1 un
Chile|JumboSKU-determinar|Marco Polo|Papas rústicas sal rosada y pimienta ...|1 un
Chile|JumboSKU-determinar|Marco Polo|Papas rústicas sal rosada y pimienta ...|1 un
Chile|JumboSKU-determinar|Marco Polo|Papas rústicas sal rosada y pimienta ...|1 un
Chile|JumboSKU-determinar|Marco Polo|Papas rústicas sal rosada y pimienta ...|1 un
Chile|JumboSKU-determinar|Marco Polo|Papas rústicas sal rosada y pimienta ...|1 un
Chile|JumboSKU-determinar|Marco Polo|Papas rústicas sal rosada y pimienta ...|1 un
Chile|JumboSKU-determinar|Marco Polo|Papas rústicas sal rosada y pimienta ...|1 un
Chile|JumboSKU-determinar|Marco Polo|Papas rústicas sal rosada y pimienta ...|1 un
Chile|JumboSKU-determinar|Marco Polo|Papas rústicas sal rosada y pimienta ...|1 un
Chile|JumboSKU-determinar|Marco Polo|Papas rústicas sal rosada y pimienta ...|1 un
Chile|JumboSKU-determinar|Marco Polo|Papas rústicas sal rosada y pimienta ...|1 un
Chile|JumboSKU-determinar|Marco Polo|Papas rústicas sal rosada y pimienta ...|1 un
Chile|JumboSKU-determinar|Marco Polo|Papas rústicas sal rosada y pimienta ...|1 un
Chile|JumboSKU-determinar|Marco Polo|Papas rústicas sal rosada y pimienta ...|1 un
Chile|JumboSKU-determinar|Marco Polo|Papas rústicas sal rosada y pimienta ...|1 un
Chile|JumboSKU-determinar|Marco Polo|Papas rústicas sal rosada y pimienta ...|1 un
Chile|JumboSKU-determinar|Marco Polo|Papas rústicas sal rosada y pimienta ...|1 un
Chile|JumboSKU-determinar|Marco Polo|Papas rústicas sal rosada y pimienta ...|1 un
Chile|JumboSKU-determinar|Marco Polo|Papas rústicas sal rosada y pimienta ...|1 un
Chile|JumboSKU-determinar|Marco Polo|Papas rústicas sal rosada y pimienta ...|1 un
Chile|JumboSKU-determinar|Marco Polo|Papas rústicas sal rosada y pimienta ...|1 un
Chile|JumboSKU-determinar|Marco Polo|Papas rústicas sal rosada y pimienta ...|1 un
Chile|JumboSKU-determinar|Marco Polo|Papas rústicas sal rosada y pimienta ...|1 un
Chile|JumboSKU-determinar|Marco Polo|Papas rústicas sal rosada y pimienta ...|1 un
Chile|JumboSKU-determinar|Marco Polo|Papas rústicas sal rosada y pimienta ...|1 un
Chile|JumboSKU-determinar|Marco Polo|Papas rústicas sal rosada y pimienta ...|1 un
Chile|JumboSKU-determinar|Marco Polo|Papas rústicas sal rosada y pimienta ...|1 un
Chile|JumboSKU-determinar|Marco Polo|Papas rústicas sal rosada y pimienta ...|1 un
Chile|JumboSKU-determinar|Marco Polo|Papas rústicas sal rosada y pimienta ...|1 un
Chile|JumboSKU-determinar|Marco Polo|Papas rústicas sal rosada y pimienta ...|1 un
Chile|JumboSKU-determinar|Lay's|Papas fritas Lays corte americano 230 gr|1 un
Chile|JumboSKU-determinar|Lay's|Papas fritas Lays corte americano 230 gr|1 un
Chile|JumboSKU-determinar|Lay's|Papas fritas Lays corte americano 230 gr|1 un
Chile|JumboSKU-determinar|Lay's|Papas fritas Lays corte americano 230 gr|1 un
Chile|JumboSKU-determinar|Lay's|Papas fritas Lays corte americano 230 gr|1 un
Chile|JumboSKU-determinar|Lay's|Papas fritas Lays corte americano 230 gr|1 un
Chile|JumboSKU-determinar|Lay's|Papas fritas Lays corte americano 230 gr|1 un
Chile|JumboSKU-determinar|Lay's|Papas fritas Lays corte americano 230 gr|1 un
Chile|JumboSKU-determinar|Lay's|Papas fritas Lays corte americano 230 gr|1 un
Chile|JumboSKU-determinar|Lay's|Papas fritas Lays corte americano 230 gr|1 un
Chile|JumboSKU-determinar|Lay's|Papas fritas Lays corte americano 230 gr|1 un
Chile|JumboSKU-determinar|Lay's|Papas fritas Lays corte americano 230 gr|1 un
Chile|JumboSKU-determinar|Lay's|Papas fritas Lays corte americano 230 gr|1 un
Chile|JumboSKU-determinar|Lay's|Papas fritas Lays corte americano 230 gr|1 un
Chile|JumboSKU-determinar|Lay's|Papas fritas Lays corte americano 230 gr|1 un
Chile|JumboSKU-determinar|Lay's|Papas fritas Lays corte americano 230 gr|1 un
Chile|JumboSKU-determinar|Lay's|Papas fritas Lays corte americano 230 gr|1 un
Chile|JumboSKU-determinar|Lay's|Papas fritas Lays corte americano 230 gr|1 un
Chile|JumboSKU-determinar|Lay's|Papas fritas Lays corte americano 230 gr|1 un
Chile|JumboSKU-determinar|Lay's|Papas fritas Lays corte americano 230 gr|1 un
Chile|JumboSKU-determinar|Lay's|Papas fritas Lays corte americano 230 gr|1 un
Chile|JumboSKU-determinar|Lay's|Papas fritas Lays corte americano 230 gr|1 un
Chile|JumboSKU-determinar|Lay's|Papas fritas Lays corte americano 230 gr|1 un
Chile|JumboSKU-determinar|Lay's|Papas fritas Lays corte americano 230 gr|1 un
Chile|JumboSKU-determinar|Lay's|Papas fritas Lays corte americano 230 gr|1 un
Chile|JumboSKU-determinar|Lay's|Papas fritas Lays corte americano 230 gr|1 un
Chile|JumboSKU-determinar|Lay's|Papas fritas Lays corte americano 230 gr|1 un
Chile|JumboSKU-determinar|Lay's|Papas fritas Lays corte americano 230 gr|1 un
